<?xml version="1.0" encoding="utf-8"?>
<browserconfig>
    <msapplication>
        <tile>
            <square70x70logo src="/content/favicons/mstile-70x70.png?v=zXr93M0dr2"/>
            <square150x150logo src="/content/favicons/mstile-150x150.png?v=zXr93M0dr2"/>
            <square310x310logo src="/content/favicons/mstile-310x310.png?v=zXr93M0dr2"/>
            <wide310x150logo src="/content/favicons/mstile-310x150.png?v=zXr93M0dr2"/>
            <TileColor>#5bbad5</TileColor>
        </tile>
    </msapplication>
</browserconfig>
